Scenario,Experiment,Model,Method,CovGap,AvgSize,F1 Score,CovGap_mean,CovGap_se,AvgSize_mean,AvgSize_se
s3,s3_1,Random Forest,Standard,0.12 (0.008),2.62 (0.061),0.50,0.12,0.008,2.62,0.061
s3,s3_1,Random Forest,Classwise,0.03 (0.006),3.71 (0.096),0.50,0.03,0.006,3.71,0.096
s3,s3_1,Random Forest,Clustered,0.12 (0.008),2.63 (0.062),0.50,0.12,0.008,2.63,0.062
s3,s3_1,Random Forest,Augmented,0.04 (0.006),3.14 (0.025),0.50,0.04,0.006,3.14,0.025
s3,s3_1,XGBoost,Standard,0.13 (0.009),2.30 (0.055),0.50,0.13,0.009,2.3,0.055
s3,s3_1,XGBoost,Classwise,0.03 (0.006),3.21 (0.093),0.50,0.03,0.006,3.21,0.093
s3,s3_1,XGBoost,Clustered,0.12 (0.009),2.34 (0.059),0.50,0.12,0.009,2.34,0.059
s3,s3_1,XGBoost,Augmented,0.05 (0.005),2.65 (0.020),0.50,0.05,0.005,2.65,0.02
s3,s3_1,MLP Neural Net,Standard,0.06 (0.007),1.82 (0.044),0.67,0.06,0.007,1.82,0.044
s3,s3_1,MLP Neural Net,Classwise,0.04 (0.009),2.21 (0.059),0.67,0.04,0.009,2.21,0.059
s3,s3_1,MLP Neural Net,Clustered,0.06 (0.006),1.85 (0.046),0.67,0.06,0.006,1.85,0.046
s3,s3_1,MLP Neural Net,Augmented,0.05 (0.007),1.89 (0.019),0.67,0.05,0.007,1.89,0.019
s3,s3_2,Random Forest,Standard,0.16 (0.006),3.56 (0.064),0.35,0.16,0.006,3.56,0.064
s3,s3_2,Random Forest,Classwise,0.04 (0.006),4.54 (0.112),0.35,0.04,0.006,4.54,0.112
s3,s3_2,Random Forest,Clustered,0.15 (0.006),3.58 (0.068),0.35,0.15,0.006,3.58,0.068
s3,s3_2,Random Forest,Augmented,0.03 (0.005),4.37 (0.029),0.35,0.03,0.005,4.37,0.029
s3,s3_2,XGBoost,Standard,0.13 (0.008),3.05 (0.057),0.41,0.13,0.008,3.05,0.057
s3,s3_2,XGBoost,Classwise,0.03 (0.005),4.03 (0.090),0.41,0.03,0.005,4.03,0.09
s3,s3_2,XGBoost,Clustered,0.13 (0.008),3.05 (0.058),0.41,0.13,0.008,3.05,0.058
s3,s3_2,XGBoost,Augmented,0.03 (0.005),3.43 (0.025),0.41,0.03,0.005,3.43,0.025
s3,s3_2,MLP Neural Net,Standard,0.06 (0.005),2.59 (0.041),0.53,0.06,0.005,2.59,0.041
s3,s3_2,MLP Neural Net,Classwise,0.04 (0.004),3.28 (0.045),0.53,0.04,0.004,3.28,0.045
s3,s3_2,MLP Neural Net,Clustered,0.07 (0.006),2.57 (0.040),0.53,0.07,0.006,2.57,0.04
s3,s3_2,MLP Neural Net,Augmented,0.03 (0.004),2.58 (0.014),0.53,0.03,0.004,2.58,0.014
s3,s3_3,Random Forest,Standard,0.19 (0.007),5.62 (0.062),0.13,0.19,0.007,5.62,0.062
s3,s3_3,Random Forest,Classwise,0.03 (0.007),6.65 (0.089),0.13,0.03,0.007,6.65,0.089
s3,s3_3,Random Forest,Clustered,0.20 (0.008),5.54 (0.064),0.13,0.2,0.008,5.54,0.064
s3,s3_3,Random Forest,Augmented,0.04 (0.005),6.87 (0.024),0.13,0.04,0.005,6.87,0.024
s3,s3_3,XGBoost,Standard,0.19 (0.009),3.59 (0.075),0.31,0.19,0.009,3.59,0.075
s3,s3_3,XGBoost,Classwise,0.04 (0.006),4.96 (0.093),0.31,0.04,0.006,4.96,0.093
s3,s3_3,XGBoost,Clustered,0.19 (0.008),3.62 (0.074),0.31,0.19,0.008,3.62,0.074
s3,s3_3,XGBoost,Augmented,0.04 (0.005),4.64 (0.026),0.31,0.04,0.005,4.64,0.026
s3,s3_3,MLP Neural Net,Standard,0.09 (0.005),5.94 (0.045),0.18,0.09,0.005,5.94,0.045
s3,s3_3,MLP Neural Net,Classwise,0.04 (0.006),6.65 (0.041),0.18,0.04,0.006,6.65,0.041
s3,s3_3,MLP Neural Net,Clustered,0.09 (0.005),5.95 (0.048),0.18,0.09,0.005,5.95,0.048
s3,s3_3,MLP Neural Net,Augmented,0.10 (0.004),5.71 (0.017),0.18,0.1,0.004,5.71,0.017
s3,s3_4,Random Forest,Standard,0.16 (0.008),2.75 (0.068),0.42,0.16,0.008,2.75,0.068
s3,s3_4,Random Forest,Classwise,0.04 (0.006),3.84 (0.152),0.42,0.04,0.006,3.84,0.152
s3,s3_4,Random Forest,Clustered,0.17 (0.008),2.74 (0.072),0.42,0.17,0.008,2.74,0.072
s3,s3_4,Random Forest,Augmented,0.03 (0.005),3.91 (0.035),0.42,0.03,0.005,3.91,0.035
s3,s3_4,XGBoost,Standard,0.09 (0.007),1.94 (0.050),0.67,0.09,0.007,1.94,0.05
s3,s3_4,XGBoost,Classwise,0.03 (0.006),2.44 (0.056),0.67,0.03,0.006,2.44,0.056
s3,s3_4,XGBoost,Clustered,0.09 (0.007),1.92 (0.052),0.67,0.09,0.007,1.92,0.052
s3,s3_4,XGBoost,Augmented,0.02 (0.005),2.30 (0.023),0.67,0.02,0.005,2.3,0.023
s3,s3_4,MLP Neural Net,Standard,0.05 (0.007),1.10 (0.017),0.85,0.05,0.007,1.1,0.017
s3,s3_4,MLP Neural Net,Classwise,0.04 (0.009),1.29 (0.029),0.85,0.04,0.009,1.29,0.029
s3,s3_4,MLP Neural Net,Clustered,0.05 (0.007),1.11 (0.018),0.85,0.05,0.007,1.11,0.018
s3,s3_4,MLP Neural Net,Augmented,0.03 (0.006),1.19 (0.010),0.85,0.03,0.006,1.19,0.01
s3,s3_5,Random Forest,Standard,0.20 (0.009),5.29 (0.079),0.12,0.2,0.009,5.29,0.079
s3,s3_5,Random Forest,Classwise,0.03 (0.008),6.64 (0.111),0.12,0.03,0.008,6.64,0.111
s3,s3_5,Random Forest,Clustered,0.22 (0.009),5.12 (0.072),0.12,0.22,0.009,5.12,0.072
s3,s3_5,Random Forest,Augmented,0.04 (0.005),6.72 (0.026),0.12,0.04,0.005,6.72,0.026
s3,s3_5,XGBoost,Standard,0.17 (0.007),3.80 (0.070),0.32,0.17,0.007,3.8,0.07
s3,s3_5,XGBoost,Classwise,0.04 (0.008),4.75 (0.128),0.32,0.04,0.008,4.75,0.128
s3,s3_5,XGBoost,Clustered,0.18 (0.008),3.70 (0.075),0.32,0.18,0.008,3.7,0.075
s3,s3_5,XGBoost,Augmented,0.03 (0.005),4.70 (0.030),0.32,0.03,0.005,4.7,0.03
s3,s3_5,MLP Neural Net,Standard,0.11 (0.006),2.66 (0.039),0.50,0.11,0.006,2.66,0.039
s3,s3_5,MLP Neural Net,Classwise,0.05 (0.006),3.65 (0.068),0.50,0.05,0.006,3.65,0.068
s3,s3_5,MLP Neural Net,Clustered,0.11 (0.006),2.64 (0.038),0.50,0.11,0.006,2.64,0.038
s3,s3_5,MLP Neural Net,Augmented,0.08 (0.004),2.67 (0.016),0.50,0.08,0.004,2.67,0.016
s3,s3_6,Random Forest,Standard,0.10 (0.003),2.50 (0.022),0.51,0.1,0.003,2.5,0.022
s3,s3_6,Random Forest,Classwise,0.01 (0.002),3.06 (0.038),0.51,0.01,0.002,3.06,0.038
s3,s3_6,Random Forest,Clustered,0.10 (0.004),2.53 (0.023),0.51,0.1,0.004,2.53,0.023
s3,s3_6,Random Forest,Augmented,0.02 (0.003),2.88 (0.019),0.51,0.02,0.003,2.88,0.019
s3,s3_6,XGBoost,Standard,0.08 (0.004),2.43 (0.020),0.53,0.08,0.004,2.43,0.02
s3,s3_6,XGBoost,Classwise,0.01 (0.003),2.81 (0.030),0.53,0.01,0.003,2.81,0.03
s3,s3_6,XGBoost,Clustered,0.08 (0.004),2.44 (0.021),0.53,0.08,0.004,2.44,0.021
s3,s3_6,XGBoost,Augmented,0.02 (0.003),2.61 (0.017),0.53,0.02,0.003,2.61,0.017
s3,s3_6,MLP Neural Net,Standard,0.06 (0.003),1.97 (0.017),0.64,0.06,0.003,1.97,0.017
s3,s3_6,MLP Neural Net,Classwise,0.02 (0.003),2.18 (0.020),0.64,0.02,0.003,2.18,0.02
s3,s3_6,MLP Neural Net,Clustered,0.06 (0.003),1.97 (0.018),0.64,0.06,0.003,1.97,0.018
s3,s3_6,MLP Neural Net,Augmented,0.02 (0.003),2.05 (0.014),0.64,0.02,0.003,2.05,0.014
s3,s3_7,Random Forest,Standard,0.13 (0.004),2.92 (0.024),0.42,0.13,0.004,2.92,0.024
s3,s3_7,Random Forest,Classwise,0.01 (0.003),3.62 (0.039),0.42,0.01,0.003,3.62,0.039
s3,s3_7,Random Forest,Clustered,0.13 (0.004),2.93 (0.025),0.42,0.13,0.004,2.93,0.025
s3,s3_7,Random Forest,Augmented,0.02 (0.002),3.67 (0.022),0.42,0.02,0.002,3.67,0.022
s3,s3_7,XGBoost,Standard,0.10 (0.004),2.63 (0.023),0.51,0.1,0.004,2.63,0.023
s3,s3_7,XGBoost,Classwise,0.02 (0.003),3.17 (0.032),0.51,0.02,0.003,3.17,0.032
s3,s3_7,XGBoost,Clustered,0.10 (0.004),2.63 (0.024),0.51,0.1,0.004,2.63,0.024
s3,s3_7,XGBoost,Augmented,0.02 (0.003),2.88 (0.019),0.51,0.02,0.003,2.88,0.019
s3,s3_7,MLP Neural Net,Standard,0.06 (0.003),2.06 (0.016),0.62,0.06,0.003,2.06,0.016
s3,s3_7,MLP Neural Net,Classwise,0.01 (0.003),2.32 (0.023),0.62,0.01,0.003,2.32,0.023
s3,s3_7,MLP Neural Net,Clustered,0.06 (0.003),2.07 (0.017),0.62,0.06,0.003,2.07,0.017
s3,s3_7,MLP Neural Net,Augmented,0.02 (0.003),2.15 (0.015),0.62,0.02,0.003,2.15,0.015
s3,s3_8,Random Forest,Standard,0.20 (0.003),4.34 (0.027),0.17,0.2,0.003,4.34,0.027
s3,s3_8,Random Forest,Classwise,0.02 (0.004),5.47 (0.050),0.17,0.02,0.004,5.47,0.05
s3,s3_8,Random Forest,Clustered,0.21 (0.003),4.31 (0.029),0.17,0.21,0.003,4.31,0.029
s3,s3_8,Random Forest,Augmented,0.02 (0.002),5.88 (0.027),0.17,0.02,0.002,5.88,0.027
s3,s3_8,XGBoost,Standard,0.13 (0.003),3.07 (0.023),0.41,0.13,0.003,3.07,0.023
s3,s3_8,XGBoost,Classwise,0.02 (0.003),3.79 (0.041),0.41,0.02,0.003,3.79,0.041
s3,s3_8,XGBoost,Clustered,0.13 (0.003),3.05 (0.024),0.41,0.13,0.003,3.05,0.024
s3,s3_8,XGBoost,Augmented,0.03 (0.003),3.50 (0.023),0.41,0.03,0.003,3.5,0.023
s3,s3_8,MLP Neural Net,Standard,0.06 (0.001),3.30 (0.013),0.43,0.06,0.001,3.3,0.013
s3,s3_8,MLP Neural Net,Classwise,0.02 (0.002),3.89 (0.081),0.43,0.02,0.002,3.89,0.081
s3,s3_8,MLP Neural Net,Clustered,0.06 (0.002),3.30 (0.013),0.43,0.06,0.002,3.3,0.013
s3,s3_8,MLP Neural Net,Augmented,0.03 (0.001),3.43 (0.010),0.43,0.03,0.001,3.43,0.01
s3,s3_9,Random Forest,Standard,0.09 (0.003),2.02 (0.024),0.64,0.09,0.003,2.02,0.024
s3,s3_9,Random Forest,Classwise,0.02 (0.003),2.38 (0.036),0.64,0.02,0.003,2.38,0.036
s3,s3_9,Random Forest,Clustered,0.09 (0.003),2.02 (0.025),0.64,0.09,0.003,2.02,0.025
s3,s3_9,Random Forest,Augmented,0.01 (0.002),2.28 (0.019),0.64,0.01,0.002,2.28,0.019
s3,s3_9,XGBoost,Standard,0.03 (0.003),1.50 (0.020),0.82,0.03,0.003,1.5,0.02
s3,s3_9,XGBoost,Classwise,0.01 (0.003),1.61 (0.023),0.82,0.01,0.003,1.61,0.023
s3,s3_9,XGBoost,Clustered,0.03 (0.003),1.50 (0.021),0.82,0.03,0.003,1.5,0.021
s3,s3_9,XGBoost,Augmented,0.01 (0.003),1.51 (0.014),0.82,0.01,0.003,1.51,0.014
s3,s3_9,MLP Neural Net,Standard,0.03 (0.003),1.00 (0.006),0.91,0.03,0.003,1.0,0.006
s3,s3_9,MLP Neural Net,Classwise,0.02 (0.003),1.02 (0.006),0.91,0.02,0.003,1.02,0.006
s3,s3_9,MLP Neural Net,Clustered,0.03 (0.003),1.00 (0.006),0.91,0.03,0.003,1.0,0.006
s3,s3_9,MLP Neural Net,Augmented,0.01 (0.003),1.01 (0.005),0.91,0.01,0.003,1.01,0.005
s3,s3_10,Random Forest,Standard,0.19 (0.003),3.72 (0.029),0.23,0.19,0.003,3.72,0.029
s3,s3_10,Random Forest,Classwise,0.01 (0.003),4.66 (0.058),0.23,0.01,0.003,4.66,0.058
s3,s3_10,Random Forest,Clustered,0.19 (0.003),3.75 (0.031),0.23,0.19,0.003,3.75,0.031
s3,s3_10,Random Forest,Augmented,0.02 (0.002),4.87 (0.033),0.23,0.02,0.002,4.87,0.033
s3,s3_10,XGBoost,Standard,0.09 (0.003),2.17 (0.027),0.62,0.09,0.003,2.17,0.027
s3,s3_10,XGBoost,Classwise,0.02 (0.003),2.53 (0.031),0.62,0.02,0.003,2.53,0.031
s3,s3_10,XGBoost,Clustered,0.09 (0.003),2.18 (0.028),0.62,0.09,0.003,2.18,0.028
s3,s3_10,XGBoost,Augmented,0.03 (0.003),2.35 (0.019),0.62,0.03,0.003,2.35,0.019
s3,s3_10,MLP Neural Net,Standard,0.07 (0.003),1.13 (0.006),0.80,0.07,0.003,1.13,0.006
s3,s3_10,MLP Neural Net,Classwise,0.01 (0.002),1.31 (0.011),0.80,0.01,0.002,1.31,0.011
s3,s3_10,MLP Neural Net,Clustered,0.07 (0.003),1.13 (0.006),0.80,0.07,0.003,1.13,0.006
s3,s3_10,MLP Neural Net,Augmented,0.02 (0.002),1.21 (0.006),0.80,0.02,0.002,1.21,0.006
s4,s4_1,Random Forest,Standard,0.02 (0.003),1.61 (0.018),0.81,0.02,0.003,1.61,0.018
s4,s4_1,Random Forest,Classwise,0.01 (0.003),1.63 (0.018),0.81,0.01,0.003,1.63,0.018
s4,s4_1,Random Forest,Clustered,0.02 (0.003),1.61 (0.019),0.81,0.02,0.003,1.61,0.019
s4,s4_1,Random Forest,Augmented,0.01 (0.003),1.61 (0.014),0.81,0.01,0.003,1.61,0.014
s4,s4_1,XGBoost,Standard,0.02 (0.002),1.46 (0.014),0.81,0.02,0.002,1.46,0.014
s4,s4_1,XGBoost,Classwise,0.01 (0.003),1.49 (0.015),0.81,0.01,0.003,1.49,0.015
s4,s4_1,XGBoost,Clustered,0.02 (0.002),1.46 (0.015),0.81,0.02,0.002,1.46,0.015
s4,s4_1,XGBoost,Augmented,0.01 (0.003),1.47 (0.012),0.81,0.01,0.003,1.47,0.012
s4,s4_1,MLP Neural Net,Standard,0.02 (0.002),1.22 (0.010),0.88,0.02,0.002,1.22,0.01
s4,s4_1,MLP Neural Net,Classwise,0.01 (0.003),1.24 (0.011),0.88,0.01,0.003,1.24,0.011
s4,s4_1,MLP Neural Net,Clustered,0.02 (0.002),1.22 (0.011),0.88,0.02,0.002,1.22,0.011
s4,s4_1,MLP Neural Net,Augmented,0.01 (0.003),1.22 (0.009),0.88,0.01,0.003,1.22,0.009
s4,s4_2,Random Forest,Standard,0.03 (0.002),1.79 (0.019),0.78,0.03,0.002,1.79,0.019
s4,s4_2,Random Forest,Classwise,0.01 (0.003),1.83 (0.020),0.78,0.01,0.003,1.83,0.02
s4,s4_2,Random Forest,Clustered,0.03 (0.002),1.79 (0.020),0.78,0.03,0.002,1.79,0.02
s4,s4_2,Random Forest,Augmented,0.01 (0.002),1.83 (0.017),0.78,0.01,0.002,1.83,0.017
s4,s4_2,XGBoost,Standard,0.02 (0.002),1.56 (0.015),0.80,0.02,0.002,1.56,0.015
s4,s4_2,XGBoost,Classwise,0.02 (0.003),1.59 (0.015),0.80,0.02,0.003,1.59,0.015
s4,s4_2,XGBoost,Clustered,0.02 (0.002),1.56 (0.015),0.80,0.02,0.002,1.56,0.015
s4,s4_2,XGBoost,Augmented,0.01 (0.003),1.54 (0.011),0.80,0.01,0.003,1.54,0.011
s4,s4_2,MLP Neural Net,Standard,0.02 (0.002),1.27 (0.011),0.86,0.02,0.002,1.27,0.011
s4,s4_2,MLP Neural Net,Classwise,0.01 (0.003),1.31 (0.011),0.86,0.01,0.003,1.31,0.011
s4,s4_2,MLP Neural Net,Clustered,0.02 (0.002),1.27 (0.011),0.86,0.02,0.002,1.27,0.011
s4,s4_2,MLP Neural Net,Augmented,0.01 (0.003),1.28 (0.009),0.86,0.01,0.003,1.28,0.009
s4,s4_3,Random Forest,Standard,0.03 (0.002),1.89 (0.022),0.77,0.03,0.002,1.89,0.022
s4,s4_3,Random Forest,Classwise,0.01 (0.003),1.94 (0.023),0.77,0.01,0.003,1.94,0.023
s4,s4_3,Random Forest,Clustered,0.03 (0.002),1.89 (0.023),0.77,0.03,0.002,1.89,0.023
s4,s4_3,Random Forest,Augmented,0.01 (0.002),1.91 (0.018),0.77,0.01,0.002,1.91,0.018
s4,s4_3,XGBoost,Standard,0.02 (0.002),1.56 (0.015),0.80,0.02,0.002,1.56,0.015
s4,s4_3,XGBoost,Classwise,0.01 (0.003),1.61 (0.015),0.80,0.01,0.003,1.61,0.015
s4,s4_3,XGBoost,Clustered,0.02 (0.002),1.56 (0.016),0.80,0.02,0.002,1.56,0.016
s4,s4_3,XGBoost,Augmented,0.02 (0.003),1.52 (0.012),0.80,0.02,0.003,1.52,0.012
s4,s4_3,MLP Neural Net,Standard,0.03 (0.002),1.31 (0.010),0.84,0.03,0.002,1.31,0.01
s4,s4_3,MLP Neural Net,Classwise,0.01 (0.003),1.36 (0.011),0.84,0.01,0.003,1.36,0.011
s4,s4_3,MLP Neural Net,Clustered,0.03 (0.002),1.31 (0.011),0.84,0.03,0.002,1.31,0.011
s4,s4_3,MLP Neural Net,Augmented,0.01 (0.003),1.30 (0.008),0.84,0.01,0.003,1.3,0.008
s4,s4_4,Random Forest,Standard,0.01 (0.002),1.48 (0.020),0.89,0.01,0.002,1.48,0.02
s4,s4_4,Random Forest,Classwise,0.01 (0.003),1.48 (0.021),0.89,0.01,0.003,1.48,0.021
s4,s4_4,Random Forest,Clustered,0.01 (0.002),1.48 (0.021),0.89,0.01,0.002,1.48,0.021
s4,s4_4,Random Forest,Augmented,0.01 (0.003),1.50 (0.017),0.89,0.01,0.003,1.5,0.017
s4,s4_4,XGBoost,Standard,0.01 (0.002),1.18 (0.012),0.91,0.01,0.002,1.18,0.012
s4,s4_4,XGBoost,Classwise,0.01 (0.003),1.18 (0.012),0.91,0.01,0.003,1.18,0.012
s4,s4_4,XGBoost,Clustered,0.01 (0.002),1.18 (0.012),0.91,0.01,0.002,1.18,0.012
s4,s4_4,XGBoost,Augmented,0.01 (0.003),1.17 (0.009),0.91,0.01,0.003,1.17,0.009
s4,s4_4,MLP Neural Net,Standard,0.01 (0.002),0.99 (0.006),0.94,0.01,0.002,0.99,0.006
s4,s4_4,MLP Neural Net,Classwise,0.01 (0.003),0.99 (0.005),0.94,0.01,0.003,0.99,0.005
s4,s4_4,MLP Neural Net,Clustered,0.01 (0.002),0.99 (0.006),0.94,0.01,0.002,0.99,0.006
s4,s4_4,MLP Neural Net,Augmented,0.01 (0.003),0.98 (0.005),0.94,0.01,0.003,0.98,0.005
s4,s4_5,Random Forest,Standard,0.02 (0.002),1.48 (0.020),0.88,0.02,0.002,1.48,0.02
s4,s4_5,Random Forest,Classwise,0.01 (0.003),1.48 (0.020),0.88,0.01,0.003,1.48,0.02
s4,s4_5,Random Forest,Clustered,0.02 (0.002),1.49 (0.020),0.88,0.02,0.002,1.49,0.02
s4,s4_5,Random Forest,Augmented,0.01 (0.003),1.51 (0.017),0.88,0.01,0.003,1.51,0.017
s4,s4_5,XGBoost,Standard,0.01 (0.002),1.18 (0.011),0.91,0.01,0.002,1.18,0.011
s4,s4_5,XGBoost,Classwise,0.01 (0.003),1.18 (0.012),0.91,0.01,0.003,1.18,0.012
s4,s4_5,XGBoost,Clustered,0.01 (0.002),1.18 (0.012),0.91,0.01,0.002,1.18,0.012
s4,s4_5,XGBoost,Augmented,0.01 (0.003),1.17 (0.009),0.91,0.01,0.003,1.17,0.009
s4,s4_5,MLP Neural Net,Standard,0.01 (0.002),1.01 (0.005),0.93,0.01,0.002,1.01,0.005
s4,s4_5,MLP Neural Net,Classwise,0.02 (0.003),1.01 (0.005),0.93,0.02,0.003,1.01,0.005
s4,s4_5,MLP Neural Net,Clustered,0.01 (0.002),1.01 (0.005),0.93,0.01,0.002,1.01,0.005
s4,s4_5,MLP Neural Net,Augmented,0.01 (0.003),1.00 (0.004),0.93,0.01,0.003,1.0,0.004
s4,s4_6,Random Forest,Standard,0.02 (0.003),1.52 (0.022),0.90,0.02,0.003,1.52,0.022
s4,s4_6,Random Forest,Classwise,0.01 (0.003),1.53 (0.022),0.90,0.01,0.003,1.53,0.022
s4,s4_6,Random Forest,Clustered,0.02 (0.003),1.52 (0.023),0.90,0.02,0.003,1.52,0.023
s4,s4_6,Random Forest,Augmented,0.01 (0.003),1.54 (0.018),0.90,0.01,0.003,1.54,0.018
s4,s4_6,XGBoost,Standard,0.01 (0.003),1.15 (0.012),0.93,0.01,0.003,1.15,0.012
s4,s4_6,XGBoost,Classwise,0.01 (0.004),1.15 (0.012),0.93,0.01,0.004,1.15,0.012
s4,s4_6,XGBoost,Clustered,0.01 (0.003),1.15 (0.012),0.93,0.01,0.003,1.15,0.012
s4,s4_6,XGBoost,Augmented,0.01 (0.003),1.15 (0.009),0.93,0.01,0.003,1.15,0.009
s4,s4_6,MLP Neural Net,Standard,0.01 (0.003),0.99 (0.005),0.94,0.01,0.003,0.99,0.005
s4,s4_6,MLP Neural Net,Classwise,0.01 (0.003),0.99 (0.005),0.94,0.01,0.003,0.99,0.005
s4,s4_6,MLP Neural Net,Clustered,0.01 (0.003),0.99 (0.006),0.94,0.01,0.003,0.99,0.006
s4,s4_6,MLP Neural Net,Augmented,0.01 (0.003),0.98 (0.004),0.94,0.01,0.003,0.98,0.004
s4,s4_7,Random Forest,Standard,0.02 (0.002),1.51 (0.020),0.88,0.02,0.002,1.51,0.02
s4,s4_7,Random Forest,Classwise,0.01 (0.003),1.52 (0.020),0.88,0.01,0.003,1.52,0.02
s4,s4_7,Random Forest,Clustered,0.02 (0.002),1.52 (0.022),0.88,0.02,0.002,1.52,0.022
s4,s4_7,Random Forest,Augmented,0.01 (0.003),1.55 (0.017),0.88,0.01,0.003,1.55,0.017
s4,s4_7,XGBoost,Standard,0.01 (0.002),1.19 (0.012),0.92,0.01,0.002,1.19,0.012
s4,s4_7,XGBoost,Classwise,0.01 (0.003),1.19 (0.012),0.92,0.01,0.003,1.19,0.012
s4,s4_7,XGBoost,Clustered,0.01 (0.002),1.19 (0.012),0.92,0.01,0.002,1.19,0.012
s4,s4_7,XGBoost,Augmented,0.01 (0.003),1.18 (0.010),0.92,0.01,0.003,1.18,0.01
s4,s4_7,MLP Neural Net,Standard,0.01 (0.002),0.98 (0.005),0.94,0.01,0.002,0.98,0.005
s4,s4_7,MLP Neural Net,Classwise,0.01 (0.003),0.98 (0.005),0.94,0.01,0.003,0.98,0.005
s4,s4_7,MLP Neural Net,Clustered,0.01 (0.002),0.98 (0.005),0.94,0.01,0.002,0.98,0.005
s4,s4_7,MLP Neural Net,Augmented,0.01 (0.003),0.97 (0.004),0.94,0.01,0.003,0.97,0.004
